Metric,Value
MSE,36518.3308180758
MAE,91.80388483965014
